Name,RA,Dec,Period (day),a (AU),T transit/inf conj (JD),Obs status,Eccentric?,Kp max (km/s),Transiting?,Kmag (<9),e,omega,inc,TIC,Tier,TESS semi-amp (ppm),Implied Rp (RJ),T err (d),P err (d),Period aliases (d),Sp type,Vmag,Teff,Notes,Rstar (Rsun),a/Rstar,Tday (K),H contrast (ppm),K contrast (ppm)
HD 117317,13:27:12.10,+70:18:59.4,1.337420,0.02688,2461406.7248,No data,No,218.6,N,6.42,0,0,0,153970712,1,125,1.16,0.165,0.000100,1.33725 1.32720,F0,7.40,6763,,2.816,2.052,4018,1008,1190
HD 159834,17:35:59.57,+20:59:46.5,1.406490,0.03043,2461406.9395,No data,No,235.4,N,5.66,0,0,0,287368221,1,168,1.39,0.096,0.000040,1.40381,A7IV,6.07,7925,,3.657,1.789,5043,764,856
HD 130818,14:49:43.03,+23:01:56.4,1.358320,0.02646,2461407.0968,No data,No,211.9,N,6.04,0,0,0,349291950,1,366,2.50,0.189,0.000130,1.36096 1.36339 1.35563 1.35805,F6III-IV,7.12,6509,,1.353,4.205,2702,1485,2180
HD 63112,07:46:44.71,-12:40:31.1,2.700990,0.05177,2461407.1919,No data,No,208.5,N,6.31,0,0,0,334246044,1,200,2.26,0.164,0.000120,2.78300 2.79344,B9III,6.38,9922,,4.867,2.288,5584,373,420
HD 26677,04:13:31.25,+08:53:25.0,2.814540,0.04932,2461408.0277,No data,No,190.6,N,6.18,0,0,0,283724261,1,55,1.50,0.277,0.000480,3.26171,A2m,6.52,8238,,1.848,5.738,2927,690,1005
HD 14285,02:18:03.78,-23:37:40.8,1.368710,0.02723,2461406.6776,No data,No,216.4,N,6.28,0,0,0,273879617,1,89,1.00,0.304,0.000170,1.37918 1.37667 1.36622 1.36869 1.38170 1.36375 1.37118 1.37417 1.38423,F2V,7.24,6739,,2.649,2.210,3858,1035,1244
HD 43393,06:15:23.66,-11:54:16.0,1.277990,0.02978,2461406.9939,No data,No,253.5,N,6.27,0,0,0,33942031,1,72,0.84,0.090,0.000050,1.27424 1.27497 1.27351 1.27570 1.27278 1.27644 1.27205 1.27717 1.26467 1.26395,A3III/IV,6.61,8631,,2.734,2.343,4800,1070,1237
HD 188385,19:54:40.20,+07:08:25.3,1.641130,0.03584,2461407.4932,No data,No,237.6,N,6.00,0,0,0,375459133,1,125,1.34,0.134,0.000170,1.64100 1.63748 1.64454,A2V,6.13,9036,,1.821,4.232,3739,1236,1595
HD 4622,00:48:01.06,-21:43:21.1,1.264820,0.03167,2461406.9889,No data,No,272.4,N,5.64,0,0,0,369381439,1,41,0.61,0.308,0.000160,1.25807 1.25598 1.26017 1.25390 1.26227 1.26693,B9V,5.57,10293,,2.728,2.497,5545,1107,1255
f Psc,01:17:47.96,+03:36:52.1,1.297940,0.03010,2461406.7834,No data,No,252.3,N,4.92,0,0,0,380887098,1,53,0.73,0.195,0.000120,1.29594 1.29808 1.29380,A1V,5.14,8645,,2.987,2.167,4999,976,1113
HD 217186,22:58:42.62,+07:20:24.3,1.133360,0.02820,2461406.8256,No data,No,270.7,N,6.13,0,0,0,257440084,1,75,0.78,0.191,0.000130,1.14942 1.15116 1.14768 1.14215 1.14044,A1V,6.34,9180,,2.005,3.026,4493,1557,1862
HD 35863,05:33:02.91,+68:00:46.7,2.254460,0.03809,2461407.3496,No data,No,183.8,N,5.82,0,0,0,328664550,1,73,1.59,0.202,0.000230,2.20057 2.18701,F0,6.83,6760,,1.789,4.579,2689,781,1161
HD 39985,05:56:28.03,+09:30:33.8,3.529320,0.07694,2461409.9477,No data,No,237.2,N,5.98,0,0,0,102281507,1,70,1.88,0.430,0.000390,3.24767 3.26198,B9Ib,5.99,10255,,5.074,3.261,4834,242,286
HD 212337,22:23:32.97,-02:18:05.7,1.150010,0.02384,2461407.4706,No data,No,225.5,N,6.20,0,0,0,439860197,1,159,1.16,0.094,0.000050,1.15005 1.14623 1.14225,F2V,7.36,6573,,2.942,1.742,4239,1106,1269
omi Gem,07:39:09.94,+34:35:03.5,2.001310,0.03443,2461408.1866,No data,No,187.2,N,3.83,0,0,0,4194999,1,174,1.78,0.215,0.000200,2.00132 2.01211 1.99065,F5-6IV,4.89,6568,,3.685,2.009,3944,592,701
HD 49891A,06:49:44.00,-24:04:33.8,2.408110,0.04671,2461406.5701,No data,No,211.0,N,6.15,0,0,0,173042832,2,125,1.66,0.362,0.000300,2.72772 2.72273 2.73273 2.71776,,6.24,9247,36 other frequencies,4.072,2.467,5012,475,547
HD 12467,02:09:25.31,+81:17:45.4,1.924770,0.03853,2461408.0230,No data,No,217.8,N,5.69,0,0,0,331726184,2,93,1.37,0.160,0.000110,1.92478,A1.5V,6.05,8349,82 other frequencies,1.893,4.378,3397,1002,1339
11 Sge,19:57:45.45,+16:47:21.0,2.963440,0.05660,2461408.9338,No data,No,207.8,N,5.61,0,0,0,387389106,2,68,1.32,0.577,0.001000,2.87161 2.88245 2.86085 2.85016,B9III,5.53,10639,SNR 7.7,3.341,3.643,4745,507,607
42 Cnc,08:40:43.21,+19:43:09.5,1.628580,0.03345,2461407.2604,No data,No,223.4,N,6.33,0,0,0,175264571,2,42,0.76,0.373,0.000310,1.63967 1.63557 1.63217 1.64310,A7III,6.84,7879,SNR 7.2,3.938,1.826,4963,643,723
21 UMa A,09:25:37.85,+54:00:57.3,1.298490,0.02984,2461406.7623,No data,No,250.0,N,7.38,0,0,0,309752237,2,177,1.34,0.409,0.000200,1.29353 1.29126 1.29581 1.30315 1.30084 1.28900 1.30545 1.29809,,7.36,8466,79 other frequencies; SNR 7.8,2.323,2.762,4336,1214,1453
lam Psc,23:42:02.80,+01:46:48.1,1.460170,0.03087,2461406.5489,No data,No,230.0,N,4.06,0,0,0,419936581,2,107,1.20,0.183,0.000130,1.46023 1.44616,A7V,4.50,7770,79 other frequencies; SNR 7.8,1.929,3.441,3566,1240,1596
HD 178187,19:06:38.40,+24:15:02.8,2.104850,0.04063,2461406.6250,No data,No,210.0,N,5.51,0,0,0,281863869,2,37,0.84,0.202,0.000200,2.09221 2.10459,A4III,5.79,8237,SNR 8.0,3.293,2.653,4304,621,742
HD 27236,04:18:24.64,+09:29:13.8,1.435360,0.03156,2461407.3863,No data,No,239.2,N,6.06,0,0,0,365459588,2,43,0.72,0.122,0.000100,1.43534,A4III,6.55,8278,SNR 7.4,4.040,1.680,5436,681,751
HD 11151,01:50:57.13,+51:56:00.3,2.864720,0.04363,2461409.0333,No data,No,165.7,N,4.89,0,0,0,354318511,2,105,2.32,0.264,0.000390,2.84209 2.82037 2.79813,F5IV,5.96,6548,SNR 7.7,1.985,4.727,2564,570,870
HD 92278,10:40:07.56,+46:50:26.8,1.721870,0.03491,2461406.6693,No data,No,220.6,N,6.80,0,0,0,150266750,2,211,1.95,0.447,0.000300,1.70986 1.71368 1.70605 1.72995 1.71753 1.70225 1.73387 1.72605 1.73780 1.72217,A3IV,7.28,7958,79 other frequencies,1.770,4.241,3289,1131,1527
HD 90470,10:27:28.04,+41:36:03.6,1.267240,0.02916,2461407.2573,No data,No,250.3,N,5.53,0,0,0,8200029,2,131,1.16,0.308,0.000140,1.27373 1.27161 1.27585 1.26950,A3V,6.00,8337,79 other frequencies,1.874,3.347,3879,1459,1826
29 Cnc,08:28:37.34,+14:12:39.0,1.118110,0.02574,2461407.1816,No data,No,250.5,N,5.38,0,0,0,20420151,2,177,1.24,0.128,0.000070,1.11806 1.12170,A5V,5.96,7727,29 other frequencies; season p = 0.03292482434200781,3.687,1.501,5368,893,975
21 Ori,05:19:11.22,+02:35:44.9,1.796190,0.03273,2461407.5085,No data,No,198.2,N,4.33,0,0,0,449201578,2,214,1.84,0.108,0.000100,1.78044 1.78213 1.77000 1.77874 1.77167 1.76832 1.78383 1.77335 1.77705 1.76665,F5III-IV,5.33,6759,season p = 0.02733990493207809,3.416,2.060,4008,681,805
HD 125111,14:16:24.27,+39:44:41.0,2.276390,0.03833,2461407.7699,No data,No,183.2,N,5.42,0,0,0,27352198,2,155,2.38,0.193,0.000180,2.27653,F2IV,6.39,6759,season p = 0.022084609452645003,1.730,4.765,2636,780,1176
HD 13227,02:09:22.26,+05:59:10.3,1.502910,0.02893,2461407.9777,No data,No,209.4,N,5.96,0,0,0,270371513,2,56,0.94,0.179,0.000110,1.61368 1.62104 1.60388,F0,6.99,6720,season p = 0.027406250922424536; SNR 7.2,1.825,3.409,3098,1194,1612
HD 53205,07:04:20.17,+01:29:18.6,2.267540,0.05645,2461407.6461,No data,No,270.8,N,6.45,0,0,0,291793032,2,94,1.71,0.272,0.000240,2.55486,B9IV/V,6.57,9576,season p = 0.012327395395867538,5.384,2.255,5429,304,343
