Name,RA,Dec,Period (day),a (AU),T transit/inf conj (JD),Obs status,Eccentric?,Kp max (km/s),Transiting?,Kmag (<9),e,omega,inc
HD 80606 b,09:22:37.67,+50:36:13.60,111.436765,0.4603,2458888.07466,None,Yes,45,Y,7.316,0.93183,-58.887,89.24
WASP-18 b,01:37:25.07,-45:40:40.06,0.94145223,0.02024,2456740.8056,None,Yes,234,Y,8.131,0.0051,-85.0,83.5
WASP-76 b,01:46:31.90,+02:42:01.40,1.80988198,0.033,2458080.626165,None,No,198,Y,8.243,0.0,51.0,89.623
WASP-121 b,07:10:24.06,-39:05:50.17,1.27492504,0.02571,2460245.02038,None,Yes,219,Y,9.374,0.0085,88.95,88.49
KELT-9 b,20:31:26.38,+39:56:20.10,1.4811235,0.03368,2457095.68572,None,No,247,Y,7.482,0.0,90.0,86.79
KELT-20 b,19:38:38.74,+31:13:09.12,3.4741085,0.0542,2457503.120049,None,No,170,Y,7.415,0.0,,86.12
WASP-189 b,15:02:44.82,-03:01:53.35,2.724033,0.05053,2458926.541696,None,No,202,Y,6.06,0.0,,84.03
tau Boo b,13:47:15.23,+17:27:25.79,3.3124568,0.049,2453104.828,None,Yes,161,N,3.507,0.011,113.4,44.5
WASP-33 b,02:26:51.06,+37:33:01.60,1.21987,0.0239,2459883.198788,None,No,213,Y,7.468,0.0,,86.63
